{"count":1,"self":1461.6480768,"total":2865.427345,"children":{"InitializeActuators":{"count":16,"self":0.001612,"total":0.001612,"children":null},"InitializeSensors":{"count":16,"self":0.0027949999999999997,"total":0.0027949999999999997,"children":null},"AgentSendState":{"count":158901,"self":28.897916799999997,"total":144.49880199999998,"children":{"CollectObservations":{"count":508496,"self":38.697088,"total":38.697089,"children":null},"WriteActionMask":{"count":508496,"self":0.536069,"total":0.536069,"children":null},"RequestDecision":{"count":508496,"self":1.616296,"total":76.367727,"children":{"AgentInfo.ToProto":{"count":508496,"self":1.665343,"total":74.751431,"children":{"GenerateSensorData":{"count":508496,"self":71.3609472,"total":73.086088,"children":{"RayPerceptionSensor.Perceive":{"count":1016992,"self":1.7251379999999998,"total":1.7251379999999998,"children":null}}}}}}}}},"DecideAction":{"count":158901,"self":256.6301696,"total":256.630177,"children":null},"AgentAct":{"count":158901,"self":1002.494464,"total":1002.4944879999999,"children":null},"AgentInfo.ToProto":{"count":779,"self":0.004267,"total":0.150256,"children":{"GenerateSensorData":{"count":779,"self":0.14277399999999998,"total":0.14598899999999998,"children":{"RayPerceptionSensor.Perceive":{"count":1558,"self":0.003215,"total":0.003215,"children":null}}}}}},"gauges":{"SpotHit.CumulativeReward":{"count":779,"max":6.5,"min":-0.9,"runningAverage":-0.1183568,"value":5,"weightedAverage":4.72647524}},"metadata":{"timer_format_version":"0.1.0","start_time_seconds":"1633571538","unity_version":"2020.3.18f1","command_line_arguments":"\/home\/hz\/Unity\/Hub\/Editor\/2020.3.18f1\/Editor\/Unity -projectpath \/home\/hz\/git\/Battle-Gym -useHub -hubIPC -cloudEnvironment production -hubSessionId c05f7bf0-26d7-11ec-8dcd-25c38c2e9317 -accessToken h4lvUMbdbqOz3T-Uww67ib4a2I_G393q_77iueyPvOU003f","communication_protocol_version":"1.5.0","com.unity.ml-agents_version":"2.0.0","scene_name":"Gym","end_time_seconds":"1633574403"}}