{"count":1,"self":33.6295584,"total":38.526209,"children":{"InitializeActuators":{"count":128,"self":0.0017549999999999998,"total":0.0017549999999999998,"children":null},"InitializeSensors":{"count":128,"self":0.0075759999999999994,"total":0.031466,"children":{"CreateObservableSensors":{"count":128,"self":0.023889999999999998,"total":0.023889999999999998,"children":null}}},"AgentSendState":{"count":1899,"self":0.9729,"total":3.021226,"children":{"CollectObservations":{"count":18816,"self":0.024866,"total":0.024866,"children":null},"WriteActionMask":{"count":18816,"self":0.019618999999999998,"total":0.019618999999999998,"children":null},"RequestDecision":{"count":18816,"self":1.95262,"total":2.003841,"children":{"RayPerceptionSensor.Perceive":{"count":37632,"self":0.051220999999999996,"total":0.051220999999999996,"children":null}}}}},"DecideAction":{"count":1899,"self":1.7310189999999999,"total":1.7310189999999999,"children":null},"AgentAct":{"count":1899,"self":0.11061399999999999,"total":0.11061399999999999,"children":null}},"gauges":{},"metadata":{"timer_format_version":"0.1.0","start_time_seconds":"1635611231","unity_version":"2020.3.18f1","command_line_arguments":"\/home\/hz\/Unity\/Hub\/Editor\/2020.3.18f1\/Editor\/Unity -projectpath \/home\/hz\/git\/Battle-Gym -useHub -hubIPC -cloudEnvironment production -hubSessionId 0951d790-399d-11ec-8059-dbdfdc23814d -accessToken s-6tLrALFmGN9H9oC7AN7cRwp39zERcqizYAx3qf3yg003f","communication_protocol_version":"1.5.0","com.unity.ml-agents_version":"2.0.0","scene_name":"SpotGymx128","end_time_seconds":"1635611269"}}