{"count":1,"self":11337.6075776,"total":19601.463816,"children":{"InitializeActuators":{"count":8,"self":0.000996,"total":0.000996,"children":null},"InitializeSensors":{"count":8,"self":0.002459,"total":0.0057129999999999993,"children":{"CreateObservableSensors":{"count":8,"self":0.003254,"total":0.003254,"children":null}}},"AgentSendState":{"count":3970901,"self":576.6615552,"total":2392.213921,"children":{"CollectObservations":{"count":10589072,"self":14.923262399999999,"total":14.923262,"children":null},"WriteActionMask":{"count":10589072,"self":10.7008624,"total":10.700861999999999,"children":null},"RequestDecision":{"count":10589072,"self":33.6915232,"total":1789.928246,"children":{"AgentInfo.ToProto":{"count":10589072,"self":35.824140799999995,"total":1756.2367219999999,"children":{"GenerateSensorData":{"count":10589072,"self":1686.7104768,"total":1720.412582,"children":{"RayPerceptionSensor.Perceive":{"count":21178144,"self":33.7020992,"total":33.702098,"children":null}}}}}}}}},"DecideAction":{"count":3970901,"self":5857.9247104,"total":5857.92472,"children":null},"AgentAct":{"count":3970901,"self":12.6486304,"total":12.648629999999999,"children":null},"AgentInfo.ToProto":{"count":5075,"self":0.031592999999999996,"total":1.06178,"children":{"GenerateSensorData":{"count":5075,"self":1.008678,"total":1.030187,"children":{"RayPerceptionSensor.Perceive":{"count":10150,"self":0.021509,"total":0.021509,"children":null}}}}}},"gauges":{"SpotHit.CumulativeReward":{"count":5075,"max":26.3047619,"min":-3,"runningAverage":4.550043,"value":1.57142878,"weightedAverage":1.99871659}},"metadata":{"timer_format_version":"0.1.0","start_time_seconds":"1635431347","unity_version":"2020.3.18f1","command_line_arguments":"\/home\/hz\/Unity\/Hub\/Editor\/2020.3.18f1\/Editor\/Unity -projectpath \/home\/hz\/git\/Battle-Gym -useHub -hubIPC -cloudEnvironment production -hubSessionId e650c5a0-3666-11ec-bb7e-b709bf6292d2 -accessToken TZ7XEz9z5pCA5Fb_EoEdCs8aXpKblFR0C2Rp0Wj00PU003f","communication_protocol_version":"1.5.0","com.unity.ml-agents_version":"2.0.0","scene_name":"SpotGymx8","end_time_seconds":"1635450948"}}